Row,Address,Postcode,Town/City,Property Type,Category,Block / Notes,Floor Area Sqm (EPC),Zoopla Low,Zoopla Central,Zoopla High,Moov Raw Central,Moov Conservative Central,Target Ratio Min,Target Ratio Max,Moov/Zoopla Central Ratio,% Diff vs Zoopla,Row Status,Base £/sqm,P25 £/sqm,Median £/sqm,Block Penalty,Small Unit Penalty,Confidence Penalty,CV Penalty,Confidence Score,Coefficient of Variation (CV),isExLocalAuthority,exLAScore,Comment
3,"1 Chapel Row, Portnahaven, Isle of Islay",PA47 7SG,Portnahaven,House,Rural House (Low Data),EPC present but insufficient comps,,181000,226000,271000,DESK_REV,,0.8,0.95,,,DESK,,,,,,,,,,,,Prior flag: Only 1 valid comparable(s) found within 1 mile radius (minimum 3 required)
4,"2 The Old Orchard, Bilsington",TN25 7BL,Bilsington,House,Rural House,Low-turnover rural area,,,,,ADDR_FAIL,,0.8,0.95,,,ADDR_FAIL,,,,,,,,,,,,"Address not found: Could not match house number ""2 the old orchard"" to any address at TN25 7BL"
5,"Firbank Cottage, Sedbergh",LA10 5EF,Sedbergh,House,Rural House,Rural thinner comps,,446000,557000,669000,ADDR_FAIL,,0.8,0.95,,,ADDR_FAIL,,,,,,,,,,,,"Address not found: Could not match house number ""firbank cottage"" to any address at LA10 5EF"
6,"14 Kingsway, Rugby",CV22 5NU,Rugby,House,Standard House,Best result lots of comps,,,,,250346,241422,0.85,0.95,,,DESK,2989,2961,3053,,,1.5%,,75,0.09,FALSE,,Prior flag: No comparable sales data found for this postcode
7,"224 Woodhouse Lane, Wigan",WN6 7NF,Wigan,House,Standard House,Normal suburban house,,192000,213000,234000,DESK_REV,,0.85,0.95,0,-100%,DESK,,,,,,,,,,,,Prior flag: No valid comparables found within 1 mile radius
8,"55 Stannington Road, Sheffield",S6 5HF,Sheffield,House,Rural / Edge,Address not resolved,,193000,203000,213000,ADDR_FAIL,,,,,,ADDR_FAIL,,,,,,,,,,,,Address not found: Ideal Postcodes error: HTTP 404: Not Found
9,"33 Ninian Road, Cardiff",CF23 5EG,Cardiff,House,Urban House,Cardiff suburb decent comps,,554000,693000,831000,DESK_REV,,0.85,0.95,,,DESK,,,,,,,,,,,,Prior flag: No comparable sales data found for this postcode
10,"Flat 12, Maydwell House, London",E14 7AP,London,Flat,Ex-LA Tower Flat,High-rise ex-LA Canary Wharf,,245000,306000,367000,DESK_REV,,0.8,0.9,,,DESK,,,,,,,,,,,,Prior flag: No valid comparables found within 1 mile radius
11,"Flat 75, Princess Court, Cornbrook Park Road, Manchester",M15 4FF,Manchester,Flat,Private City Flat,Manchester city BTL stock,,119000,149000,179000,DESK_REV,,0.9,0.97,1.33,33%,DESK,3324,3293,3398,7.0%,,1.5%,,70,0.09,FALSE,3,Prior flag: No comparable sales data found for this postcode
12,"27 Woodlands, Gosforth, Newcastle upon Tyne",NE3 4YN,Newcastle,House,Standard House,Normal suburban house,,529000,588000,647000,756140,643860,0.85,0.95,1.09,9%,CHECK,4888,4668,5401,,,3.5%,2.5%,50,0.29,FALSE,,Prior flag: No comparable sales data found for this postcode
13,"Flat A, 61 Hornsey Road, London",N7 6DG,London,Flat,Private City Flat,Large flat where comps were thin,,408000,510000,612000,DESK_REV,,0.9,0.97,1.25,25%,DESK,10406,10313,10625,,,1.5%,,75,0.10,FALSE,1,Prior flag: Only 2 valid comparable(s) found within 1 mile radius (minimum 3 required)
14,"Flat 45 Sudbury House, 85 Wandsworth High Street, London",SW18 4LH,London,Flat,Ex-LA Tower Flat,1960s tower small units ex-LA,,216000,269000,323000,DESK_REV,,0.8,0.9,1.15,15%,DESK,10249,10220,10318,25.0%,10.0%,5.0%,0%,70,0.02,TRUE,3,Prior flag: Only 1 valid comparable(s) found within 1 mile radius (minimum 3 required)
15,"41 Arthur Street, Belfast",BT1 4GB,Belfast,Commercial,DeskFail / Commercial,NI student co-living,,N/A,N/A,N/A,ERROR,,,,,,ERROR,,,,,,,,,,,,Error: Invalid request
16,"123 Green Lanes, London",N4 2ES,London,Commercial,DeskFail / Mixed Use,Mixed-use commercial,,N/A,N/A,N/A,ADDR_FAIL,,,,,,ADDR_FAIL,,,,,,,,,,,,"Address not found: Could not match house number ""123 green lanes"" to any address at N4 2ES"
17,"12 Chiswick Terrace, Leeds",LS6 1QG,Leeds,House,Standard / Student House,Student terrace stock,,159000,176000,194000,145638,132687,0.85,0.95,0.75,-25%,CHECK,1501,1474,1566,,,3.5%,1.5%,50,0.24,FALSE,,Average comparable age is 21 months. Data may be too old for accurate valuation.
18,"Flat 120, Sudbury House, London",SW18 4TT,London,Flat,Ex-LA Tower Flat,Sister tower case to #14,,209000,261000,313000,DESK_REV,,0.8,0.9,0.85,-15%,DESK,6039,4286,10128,10.0%,6.0%,5.0%,5.0%,50,0.40,TRUE,3,Prior flag: No comparable sales data found for this postcode
19,"201 Trellick Tower, 5 Golbourne Road, London",W10 5UY,London,Flat,Ex-LA Tower Flat,Iconic ex-LA tower,,448000,560000,672000,ADDR_FAIL,,0.8,0.9,,,ADDR_FAIL,,,,,,,,,,,,"Address not found: Could not match house number ""201 trellick tower"" to any address at W10 5UY"
20,"Flat 76, Glenkerry House, 98 Burcham Street",E14 0SL,London,Flat,Ex-LA Tower Flat,Ex-LA tower block,,86000,108000,130000,DESK_REV,,0.8,0.9,1.82,82%,DESK,4985,4936,5102,25.0%,6.0%,5.0%,0%,70,0.04,TRUE,3,Prior flag: Only 1 valid comparable(s) found within 1 mile radius (minimum 3 required)
21,"Flat 44, Johnson House, Roberta Street, London",E2 6AN,London,Flat,Ex-LA Tower Flat,Ex-LA tower,,279000,349000,419000,568590,417111,0.8,0.9,1.20,20%,CHECK,6717,6231,7849,,,3.5%,2.5%,50,0.32,FALSE,2,Prior flag: No comparable sales data found for this postcode
22,"Flat 16 Albion Towers, Cross Lane, Salford, Manchester",M15 5AJ,Manchester,Flat,Ex-LA Tower Flat,Ex-LA tower,,94000,117000,141000,ADDR_FAIL,,0.8,0.9,,,ADDR_FAIL,,,,,,,,,,,,"Address not found: Could not match house number ""flat 16 albion towers"" to any address at M15 5AJ"
23,"7 Saxelby House, Kimpton Close, Birmingham",B14 5TE,Birmingham,Flat,Ex-LA Tower Flat,Ex-LA tower,,101000,126000,151000,ADDR_FAIL,,0.8,0.9,,,ADDR_FAIL,,,,,,,,,,,,Address not found: Ideal Postcodes error: HTTP 404: Not Found
24,"6 Nicholson House Browning Estate, Brandon Street, London",SE17 1ED,London,Flat,Ex-LA Low Rise Flat,Ex-LA low rise,,N/A,N/A,N/A,485724,412796,0.8,0.9,,,DESK,6321,5969,7143,,,2.5%,1.5%,65,0.22,FALSE,,No comps within 1mi
25,"Flat 8, Montfort House, Galbraith Street, London",E14 3HE,London,Flat,Ex-LA Low Rise Flat,Low rise ex-LA,,288000,320000,352000,DESK_REV,,0.85,0.92,0.91,-9%,DESK,4569,4455,4836,0%,0%,5.0%,0%,70,0.12,FALSE,2,Prior flag: No comparable sales data found for this postcode
26,"Flat 122, Banister House, Homerton High Street, London",E9 6BN,London,Flat,Ex-LA Low Rise Flat,Low rise ex-LA,,297000,371000,445000,DESK_REV,,0.85,0.92,,,DESK,,,,,,,,,,,,Subject property floor area is missing or zero. Cannot calculate £/sqm valuation.
27,"176 Waterville Drive, Vange, Basildon",SS16 4TY,Basildon,Flat,Private Commuter Flat,Private commuter flat,,155000,163000,171000,DESK_REV,,0.9,0.97,,,DESK,,,,,,,,,,,,Prior flag: Only 1 valid comparable(s) found within 1 mile radius (minimum 3 required)
28,"8 Cavendish Court, Bessemer Close, Basildon",SS16 5GG,Basildon,Flat,Private Commuter Flat,Private commuter flat,,198000,220000,242000,DESK_REV,,0.9,0.97,0.88,-12%,DESK,3313,3307,3327,,,3.0%,,65,0.05,FALSE,,Prior flag: Only 2 valid comparable(s) found within 1 mile radius (minimum 3 required)
29,"15 Longhayes Court, Longhayes Avenue, Romford",RM6 5HJ,Romford,Flat,Private Commuter Flat,Private commuter flat,,234000,260000,286000,DESK_REV,,0.9,0.97,0.66,-34%,DESK,2838,2563,3480,,,7.0%,5.0%,45,0.31,FALSE,2,Prior flag: No comparable sales data found for this postcode
31,"12 Cathedral Walk, Chelmsford",CM1 1NX,Chelmsford,Flat,Private Commuter Flat,Private commuter flat,,211000,222000,233000,DESK_REV,,0.9,0.97,,,DESK,,,,,,,,,,,,Prior flag: Only 1 valid comparable(s) found within 1 mile radius (minimum 3 required)
32,"10 Milbank, Chelmer Village, Chelmsford",CM2 6YX,Chelmsford,House,Standard House,Standard suburban house,,494000,520000,546000,DESK_REV,,0.85,0.95,0.52,-48%,DESK,5574,5565,5593,0%,6.0%,5.0%,0%,75,0.05,FALSE,0,Prior flag: No comparable sales data found for this postcode
33,"34 Wells Crescent, Marconi Plaza, Chelmsford",CM1 1GN,Chelmsford,Flat,Private Commuter Flat,Private commuter flat,,225000,237000,249000,ADDR_FAIL,,0.9,0.97,0.53,-47%,ADDR_FAIL,3210,2896,3942,0%,10.0%,8.0%,3.0%,60,0.22,FALSE,0,"Address not found: Could not match house number ""34 wells crescent"" to any address at CM1 1GN"
34,"21 Waterloo Chambers, Waterloo Lane, Chelmsford",CM1 1BD,Chelmsford,Flat,Private Commuter Flat,Private commuter flat,,320000,355000,391000,DESK_REV,,0.9,0.97,,,DESK,,,,,,,,,,,,Prior flag: Only 1 valid comparable(s) found within 1 mile radius (minimum 3 required)
35,"5 Hutton Road, Shenfield, Brentwood",CM15 8LA,Brentwood,Flat,Private Commuter Flat,Private commuter flat,,241000,253000,266000,DESK_REV,,0.9,0.97,,,DESK,,,,,,,,,,,,Prior flag: No comparable sales data found for this postcode
36,"11 Kensington Place, Priests Lane, Brentwood",CM15 8GA,Brentwood,Flat,Private Commuter Flat,Private commuter flat,,402000,423000,444000,255720,235931,0.9,0.97,0.56,-44%,CHECK,4033,3935,4262,,,2.5%,,60,0.14,FALSE,,No comps for postcode
37,"29 St Kildas Road, Brentwood",CM15 9EX,Brentwood,House,Standard House,Standard suburban house,,510000,567000,624000,DESK_REV,,0.85,0.95,0.66,-34%,DESK,5852,5696,6216,0%,0%,8.0%,0%,60,0.17,FALSE,1,Prior flag: No comparable sales data found for this postcode
38,"5 The Clock Tower, The Galleries, Warley, Brentwood",CM14 5GF,Brentwood,Flat,Private Commuter Flat,Private commuter flat,,479000,504000,529000,ADDR_FAIL,,0.9,0.97,,,ADDR_FAIL,,,,,,,,,,,,"Address not found: Could not match house number ""5 the clock tower"" to any address at CM14 5GF"
39,"10 Hepworth House, Edinburgh Gate, Harlow",CM20 2UB,Harlow,Flat,Private Commuter Flat,Private commuter flat,,314000,330000,347000,245520,223162,0.9,0.97,0.68,-32%,CHECK,2832,2731,3069,,,1.5%,,70,0.12,FALSE,,Ratio too low
40,"6 Mill Court, Edinburgh Gate, Harlow",CM20 2JG,Harlow,Flat,Private Commuter Flat,Private commuter flat,,196000,218000,239000,ADDR_FAIL,,0.9,0.97,,,ADDR_FAIL,,,,,,,,,,,,"Address not found: Could not match house number ""6 mill court"" to any address at CM20 2JG"
41,"14 Lavinia Road, Dartford",DA1 1TS,Dartford,House,Standard House,Standard suburban house,,399000,420000,441000,DESK_REV,,0.85,0.95,0.65,-35%,DESK,4046,3778,4670,0%,0%,5.0%,3.0%,75,0.20,FALSE,0,Prior flag: No comparable sales data found for this postcode
42,"43 Blenheim Road, Dartford",DA1 3EB,Dartford,House,Standard House,Standard suburban house,,318000,334000,351000,356370,347971,0.85,0.95,1.04,4%,CHECK,4996,4945,5117,,,0.5%,,80,0.08,FALSE,,Prior flag: No comparable sales data found for this postcode
43,"46 Birdwood Avenue, Dartford",DA1 5GB,Dartford,Flat,Private Commuter Flat,Private commuter flat,,237000,249000,262000,DESK_REV,,0.9,0.97,0.84,-16%,DESK,3319,3231,3525,,,3.0%,,70,0.09,FALSE,,Prior flag: No comparable sales data found for this postcode
44,"6 Hibernia Drive, Gravesend",DA12 4HT,Gravesend,House,Standard House,Standard suburban house,,306000,322000,338000,302616,281801,0.85,0.95,0.88,-12%,PASS,3532,3444,3736,,,1.5%,,75,0.12,FALSE,1,Prior flag: No comparable sales data found for this postcode
45,"19 Artillery Row, Gravesend",DA12 1LY,Gravesend,House,Standard House,Standard suburban house,,294000,310000,325000,DESK_REV,,0.85,0.95,,,DESK,,,,,,,,,,,,Prior flag: No comparable sales data found for this postcode
46,"11 Chalk Road, Gravesend",DA12 4XE,Gravesend,House,Standard House,Standard suburban house,,357000,376000,395000,357504,319128,0.85,0.95,0.85,-15%,CHECK,3857,3687,4256,,,1.5%,,75,0.14,FALSE,1,Prior flag: No comparable sales data found for this postcode
47,"131 Vigilant Way, Gravesend",DA12 4PJ,Gravesend,Flat,Private Commuter Flat,Private commuter flat,,177000,186000,196000,DESK_REV,,0.9,0.97,,,DESK,,,,,,,,,,,,Prior flag: No comparable sales data found for this postcode
48,"38 Suffolk Road, Gravesend",DA12 2SN,Gravesend,House,Standard House,Standard suburban house,,288000,304000,319000,DESK_REV,,0.85,0.95,0.81,-19%,DESK,3640,3612,3704,,,2.5%,,65,0.04,FALSE,,Subject property floor area is missing or zero. Cannot calculate £/sqm valuation.
49,"27 Frazer Close, Romford",RM1 2DF,Romford,Flat,Private Commuter Flat,Private commuter flat,,216000,228000,239000,DESK_REV,,0.9,0.97,0.60,-40%,DESK,4543,4401,4873,5.0%,10.0%,10.0%,0%,55,0.17,FALSE,1,Subject property floor area is missing or zero. Cannot calculate £/sqm valuation.
50,"9 The Maltings, Romford",RM1 2AW,Romford,Flat,Private Commuter Flat,Private commuter flat,,255000,268000,282000,ADDR_FAIL,,0.9,0.97,0.86,-14%,ADDR_FAIL,4018,3901,4293,5.0%,0%,8.0%,3.0%,65,0.18,FALSE,1,"Address not found: Could not match house number ""9 the maltings"" to any address at RM1 2AW"
51,"4 Rushdon Close, Romford",RM1 2RE,Romford,Flat,Private Commuter Flat,Private commuter flat,,139000,154000,170000,DESK_REV,,0.9,0.97,0.83,-17%,DESK,4550,4500,4667,,3.0%,2.5%,1.5%,60,0.23,FALSE,,Prior flag: No comparable sales data found for this postcode
52,"72 Monkwood Close, Romford",RM1 2NQ,Romford,Flat,Private Commuter Flat,Private commuter flat,,246000,259000,272000,277245,271284,0.9,0.97,1.05,5%,CHECK,4515,4502,4545,,,1.5%,,70,0.02,FALSE,,Prior flag: No comparable sales data found for this postcode
53,"Flat 4, St Davids Court, South Street, Romford",RM1 2AJ,Romford,Flat,Private Commuter Flat,Private commuter flat,,207000,218000,229000,DESK_REV,,0.9,0.97,0.86,-14%,DESK,5032,4867,5418,2.0%,3.0%,2.5%,,60,0.16,FALSE,2,Prior flag: No comparable sales data found for this postcode
54,"29 Brackley Crescent, Basildon",SS13 1RA,Basildon,Flat,Private Commuter Flat,Private commuter flat,,193000,204000,214000,DESK_REV,,0.9,0.97,,,DESK,,,,,,,,,,,,Prior flag: No valid comparables found within 1 mile radius
55,"45 Fairfax Avenue, Basildon",SS13 1AY,Basildon,House,Standard House,Standard suburban house,,286000,301000,317000,DESK_REV,,0.85,0.95,1.00,-0%,DESK,3747,3635,4008,,,2.5%,,60,0.11,FALSE,1,Prior flag: No comparable sales data found for this postcode
56,"14 Winfields, Pitsea, Basildon",SS13 1HQ,Basildon,House,Standard House,Standard suburban house,,280000,294000,309000,222552,224882,0.85,0.95,0.76,-24%,CHECK,2621,2529,2835,,,2.5%,,60,0.13,FALSE,1,Prior flag: No comparable sales data found for this postcode
57,"17 Canon Court, Basildon",SS13 1EN,Basildon,Flat,Private Commuter Flat,Private commuter flat,,217000,228000,240000,231485,215691,0.9,0.97,0.95,-5%,PASS,3335,3284,3455,2.0%,,1.5%,,75,0.12,FALSE,2,Subject property floor area is missing or zero. Cannot calculate ?/sqm valuation.
58,"29 Northlands Place, Basildon",SS13 1FN,Basildon,House,Standard House,Standard suburban house,,409000,431000,453000,DESK_REV,,0.85,0.95,0.77,-23%,DESK,3229,3199,3299,0%,0%,5.0%,0%,70,0.10,FALSE,0,Prior flag: No comparable sales data found for this postcode
59,"14 Wood Green, Basildon",SS13 1RT,Basildon,House,Standard House,Standard suburban house,,297000,313000,329000,351196,341362,0.85,0.95,1.09,9%,CHECK,4560,4534,4621,,,1.5%,,70,0.04,FALSE,,Subject property floor area is missing or zero. Cannot calculate ?/sqm valuation.
60,"5 Canon Court, Basildon",SS13 1EN,Basildon,Flat,Private Commuter Flat,Private commuter flat,,222000,233000,245000,DESK_REV,,0.9,0.97,0.81,-19%,DESK,3705,3640,3857,2.0%,3.0%,2.0%,,70,0.10,FALSE,2,Prior flag: No comparable sales data found for this postcode
61,"29 Davy Court, Rochester",ME1 1AE,Rochester,Flat,Private Commuter Flat,Private commuter flat,,273000,288000,302000,280276,272518,0.9,0.97,0.95,-5%,PASS,3374,3356,3418,,,1.5%,,75,0.02,FALSE,1,Prior flag: No comparable sales data found for this postcode
62,"67 Mount Road, Rochester",ME1 3NH,Rochester,House,Standard House,Standard suburban house,,276000,291000,305000,DESK_REV,,0.85,0.95,0.95,-5%,DESK,3245,3233,3272,,,0.5%,,85,0.08,FALSE,,Prior flag: No comparable sales data found for this postcode
63,"77 Merrick Close, Stevenage",SG1 6GH,Stevenage,Flat,Private Commuter Flat,Private commuter flat,,214000,226000,237000,245027,232782,0.9,0.97,1.03,3%,CHECK,4046,4000,4153,,1.0%,1.5%,,70,0.12,FALSE,,Prior flag: No comparable sales data found for this postcode
64,"36 Wansbeck Close, Stevenage",SG1 6AA,Stevenage,House,Standard House,Standard suburban house,,312000,329000,345000,DESK_REV,,0.85,0.95,1.05,5%,DESK,4900,4814,5102,,,0.5%,,80,0.10,FALSE,,Prior flag: No comparable sales data found for this postcode
65,"32 Foyle Close, Stevenage",SG1 6BQ,Stevenage,House,Standard House,Standard suburban house,,311000,327000,343000,DESK_REV,,0.85,0.95,1.11,11%,DESK,5302,5293,5324,0%,0%,5.0%,0%,70,0.03,FALSE,0,Prior flag: No valid comparables found within 1 mile radius
66,"19 Angelica Drive, London",E6 6NS,Barking,Flat,Private Commuter Flat,Private commuter flat,,221000,233000,244000,DESK_REV,,0.9,0.97,0.91,-9%,DESK,5947,5876,6111,,6.0%,3.0%,,60,0.14,FALSE,,Prior flag: No comparable sales data found for this postcode
67,"51 Mountfield Road, London",E6 6BH,Barking,Flat,Private Commuter Flat,Private commuter flat,,293000,309000,324000,329448,295158,0.9,0.97,0.96,-4%,PASS,4132,3995,4452,2.0%,,1.5%,,70,0.10,FALSE,1,Prior flag: No comparable sales data found for this postcode
68,"56 Downings, London",E6 6WP,Barking,Flat,Private Commuter Flat,Private commuter flat,,285000,300000,315000,DESK_REV,,0.9,0.97,,,DESK,,,,,,,,,,,,Prior flag: No valid comparables found within 1 mile radius
69,"281 Tollgate Road, London",E6 5XW,Barking,Flat,Private Commuter Flat,Private commuter flat,,211000,222000,233000,DESK_REV,,0.9,0.97,,,DESK,,,,,,,,,,,,Prior flag: No comparable sales data found for this postcode
70,"81 Lichfield Road, London",E6 3LQ,Barking,House,Standard House,Standard suburban house,,423000,446000,468000,DESK_REV,,0.85,0.95,,,DESK,,,,,,,,,,,,Subject property floor area is missing or zero. Cannot calculate £/sqm valuation.
71,"5 Temple Road, London",E6 1LU,Barking,House,Standard House,Standard suburban house,,351000,390000,428000,DESK_REV,,0.85,0.95,0.83,-17%,DESK,4822,4719,5065,0%,0%,8.0%,0%,60,0.13,FALSE,0,Subject property floor area is missing or zero. Cannot calculate £/sqm valuation.
72,"22 Seymour Road, Northfleet, Gravesend",DA11 7BN,Gravesend,House,Standard House,Standard suburban house,,256000,269000,283000,DESK_REV,,0.85,0.95,0.96,-4%,DESK,4813,4776,4902,,3.0%,3.0%,,65,0.03,FALSE,,Prior flag: No comparable sales data found for this postcode
73,"233 Old Road West, Gravesend",DA11 0LU,Gravesend,House,Standard House,Standard suburban house,,269000,283000,297000,DESK_REV,,0.85,0.95,0.87,-13%,DESK,3499,3401,3730,0%,0%,5.0%,0%,70,0.18,FALSE,0,Subject property floor area is missing or zero. Cannot calculate £/sqm valuation.
74,"72 Forest View Road, London",E12 5HU,Ilford,Flat,Private Commuter Flat,Private commuter flat,,231000,244000,256000,DESK_REV,,0.9,0.97,,,DESK,,,,,,,,,,,,Prior flag: No comparable sales data found for this postcode
75,"80 Grantham Road, London",E12 5NE,Ilford,House,Standard House,Standard suburban house,,397000,418000,438000,DESK_REV,,0.85,0.95,,,DESK,,,,,,,,,,,,Subject property floor area is missing or zero. Cannot calculate £/sqm valuation.
76,"Flat 5, St James Court, 71 Aldersbrook Road, London",E12 5DL,Ilford,Flat,Private Commuter Flat,Private commuter flat,,412000,434000,456000,DESK_REV,,0.9,0.97,0.82,-18%,DESK,5679,5434,6250,,,8.0%,,65,0.15,FALSE,1,Prior flag: No comparable sales data found for this postcode
77,"151 Forest View Road, London",E12 5HX,Ilford,Flat,Private Commuter Flat,Private commuter flat,,241000,254000,267000,225000,205827,0.9,0.97,0.81,-19%,CHECK,4935,4907,5000,2.0%,3.0%,2.5%,,65,0.06,FALSE,1,Subject property floor area is missing or zero. Cannot calculate ?/sqm valuation.
78,"483 High Street North, London",E12 6TH,Ilford,Flat,Private Commuter Flat,Private commuter flat,,276000,290000,305000,277431,261210,0.9,0.97,0.90,-10%,PASS,3444,3407,3530,,,1.5%,,70,0.04,FALSE,1,Prior flag: No comparable sales data found for this postcode
79,"75 Empress Avenue, London",E12 5SA,Ilford,House,Standard House,Standard suburban house,,469000,494000,518000,DESK_REV,,0.85,0.95,0.69,-31%,DESK,4434,4118,5174,,,8.0%,3.0%,60,0.22,FALSE,1,Prior flag: No comparable sales data found for this postcode
80,"147 Manor Road, Caddington, Luton",LU1 4HJ,Luton,House,Standard House,Standard suburban house,,383000,403000,423000,DESK_REV,,0.85,0.95,,,DESK,,,,,,,,,,,,Subject property floor area is missing or zero. Cannot calculate £/sqm valuation.